[
  {
    "gold": 20,
    "current hero": 0,
    "user name": " ",
    "password": "36a9e7f1c95b82ffb99743e0c5c4ce95d83c9a430aac59f84ef3cbfab6145068",
    "cards": [
      "Goldshire Footman",
      "Living Monument",
      "Gnomish Army Knife",
      "Poisoned Dagger",
      "Sunreaver Warmage",
      "High Priest Amet",
      "Arcane Missiles",
      "Strength in Numbers"
    ],
    "heroes": [
      {
        "hero power": "Fireblast",
        "hp": 30,
        "type": "Mage"
      }
    ],
    "delete time": "none",
    "user ID": 0,
    "sign up time": "2020-05-05T12:15:56.127054600",
    "decks": [
      {
        "cardsNames": [
          "Goldshire Footman",
          "Sunreaver Warmage",
          "Sunreaver Warmage",
          "Living Monument",
          "Living Monument",
          "Arcane Missiles"
        ],
        "name": "Sample Deck",
        "heroName": "Rogue"
      },
      {
        "cardsNames": [
          "Goldshire Footman",
          "Goldshire Footman",
          "Sunreaver Warmage",
          "Sunreaver Warmage",
          "Poisoned Dagger",
          "Poisoned Dagger",
          "Gnomish Army Knife",
          "Gnomish Army Knife",
          "Living Monument",
          "Living Monument",
          "Strength in Numbers",
          "Strength in Numbers"
        ],
        "name": "Amir",
        "heroName": "Paladin"
      },
      {
        "cardsNames": [
          "High Priest Amet",
          "High Priest Amet",
          "Sunreaver Warmage",
          "Sunreaver Warmage",
          "Goldshire Footman",
          "Goldshire Footman",
          "Living Monument",
          "Living Monument"
        ],
        "name": "New Deck 1",
        "heroName": "Priest"
      }
    ],
    "current hero index": 0
  },
  {
    "gold": 10,
    "current hero": 0,
    "user name": "amirhossein",
    "password": "cb13f11e18b301333c0bc36113035c4fedfc848ccac4ee8d9952337fa3c72d8e",
    "cards": [
      "Goldshire Footman",
      "Stonetusk Boar",
      "Lord of the Arena",
      "Shieldbearer",
      "Depth Charge",
      "Stormwind Champion",
      "Living Monument",
      "Sprint",
      "Sap",
      "Polymorph",
      "Seal of Light",
      "Gnomish Army Knife"
    ],
    "heroes": [
      {
        "hero power": "Fireblast",
        "hp": 30,
        "type": "Mage"
      }
    ],
    "delete time": "none",
    "user ID": 2,
    "sign up time": "2020-05-06T13:19:51.452827300",
    "decks": [
      {
        "cardsNames": [
          "Stonetusk Boar",
          "Shieldbearer",
          "Stonetusk Boar",
          "Lord of the Arena",
          "Lord of the Arena",
          "Stormwind Champion",
          "Living Monument",
          "Sap",
          "Sap",
          "Sprint",
          "Depth Charge"
        ],
        "name": "Mage 1",
        "heroName": "Paladin"
      }
    ],
    "current hero index": 0
  },
  {
    "gold": 10,
    "current hero": 0,
    "user name": "amirh",
    "password": "6fe5c8fba86a59a6215c51c0351069102f6d821a6ca1a6e24bf09c46ca6c8580",
    "cards": [
      "Goldshire Footman",
      "Stonetusk Boar",
      "Lord of the Arena",
      "Shieldbearer",
      "Depth Charge",
      "Stormwind Champion",
      "Living Monument",
      "Sprint",
      "Sap",
      "Polymorph",
      "Seal of Light",
      "Gnomish Army Knife"
    ],
    "heroes": [
      {
        "hero power": "Fireblast",
        "hp": 30,
        "type": "Mage"
      }
    ],
    "delete time": "none",
    "user ID": 3,
    "sign up time": "2020-05-06T13:26:22.349656200",
    "decks": [
      {
        "cardsNames": [
          "Stonetusk Boar"
        ],
        "name": "New Deck 1",
        "heroName": "Paladin"
      }
    ],
    "current hero index": 0
  },
  {
    "gold": 40,
    "current hero": 0,
    "user name": "taha",
    "password": "fb9a97d5393e80300028616a4cd8c97e472b0623fd94acf95b37eda4128559f3",
    "cards": [
      "Goldshire Footman",
      "Stonetusk Boar",
      "Lord of the Arena",
      "Shieldbearer",
      "Depth Charge",
      "Stormwind Champion",
      "Living Monument",
      "Sprint",
      "Sap",
      "Polymorph",
      "Seal of Light"
    ],
    "heroes": [
      {
        "hero power": "Fireblast",
        "hp": 30,
        "type": "Mage"
      }
    ],
    "delete time": "none",
    "user ID": 4,
    "sign up time": "2020-05-06T13:29:16.195665300",
    "decks": [
      {
        "cardsNames": [
          "Polymorph",
          "Polymorph",
          "Goldshire Footman",
          "Shieldbearer",
          "Shieldbearer"
        ],
        "name": "New Deck 1",
        "heroName": "Mage"
      }
    ],
    "current hero index": 0
  },
  {
    "gold": 30,
    "current hero": 0,
    "user name": "amir",
    "password": "1574ad62d48a37f847699d7d2157105a5a5fd6ed323a3497fa41c7731229bf23",
    "cards": [
      "Goldshire Footman",
      "Stonetusk Boar",
      "Shieldbearer",
      "Depth Charge",
      "Stormwind Champion",
      "Living Monument",
      "Sprint",
      "Sap",
      "Polymorph",
      "Novice Engineer",
      "Shadowblade"
    ],
    "heroes": [
      {
        "hero power": "Fireblast",
        "hp": 30,
        "type": "Mage"
      }
    ],
    "delete time": "none",
    "user ID": 4,
    "sign up time": "2020-05-06T17:37:55.501093900",
    "decks": [
      {
        "cardsNames": [
          "Shieldbearer",
          "Stonetusk Boar",
          "Stonetusk Boar",
          "Goldshire Footman",
          "Stormwind Champion",
          "Stormwind Champion",
          "Novice Engineer",
          "Novice Engineer",
          "Depth Charge",
          "Depth Charge",
          "Living Monument",
          "Living Monument"
        ],
        "name": "New Deck 1",
        "heroName": "Mage"
      }
    ],
    "current hero index": 0
  }
]