[
  {
    "gold": 50,
    "current hero": 0,
    "user name": "amir",
    "password": "1574ad62d48a37f847699d7d2157105a5a5fd6ed323a3497fa41c7731229bf23",
    "cards": [
      "Goldshire Footman",
      "Stonetusk Boar",
      "Lord of the Arena",
      "Mosh\u0027gg Enforcer",
      "Stormwind Champion",
      "Living Monument",
      "Sprint",
      "Sap",
      "Polymorph"
    ],
    "heroes": [
      {
        "hero power": "Can attack any enemy with 2 manas and do a one-hp harm to them.",
        "hp": 30,
        "type": "Mage",
        "special power": "Spells are worth 2 manas less than for other heroes.",
        "stringDeck": [
          "Sap",
          "Sprint"
        ]
      }
    ],
    "delete time": "2020-03-21T18:47:38.687745",
    "user ID": 0,
    "sign up time": "2020-03-21T18:43:29.669490",
    "current hero index": 0
  },
  {
    "gold": 50,
    "current hero": 0,
    "user name": "hamid",
    "password": "b36ffc3cea02a265926cab0e3bb647aace65345d7999c8604b2a3067fdc6f234",
    "cards": [
      "Goldshire Footman",
      "Stonetusk Boar",
      "Lord of the Arena",
      "Mosh\u0027gg Enforcer",
      "Stormwind Champion",
      "Living Monument",
      "Sprint",
      "Sap",
      "Polymorph"
    ],
    "heroes": [
      {
        "hp": 30,
        "type": "Mage",
        "stringDeck": []
      }
    ],
    "delete time": "none",
    "user ID": 1,
    "sign up time": "2020-03-21T18:46:28.896126",
    "current hero index": 0
  },
  {
    "gold": 50,
    "current hero": 0,
    "user name": "amir",
    "password": "1574ad62d48a37f847699d7d2157105a5a5fd6ed323a3497fa41c7731229bf23",
    "cards": [
      "Goldshire Footman",
      "Stonetusk Boar",
      "Lord of the Arena",
      "Mosh\u0027gg Enforcer",
      "Stormwind Champion",
      "Sprint",
      "Sap",
      "Polymorph",
      "Novice Engineer"
    ],
    "heroes": [
      {
        "hero power": "Can attack any enemy with 2 manas and do a one-hp harm to them.",
        "hp": 30,
        "type": "Mage",
        "special power": "Spells are worth 2 manas less than for other heroes.",
        "stringDeck": [
          "Polymorph",
          "Sprint",
          "Sprint"
        ]
      }
    ],
    "delete time": "2020-03-22T13:39:59.746369",
    "user ID": 2,
    "sign up time": "2020-03-21T18:47:47.591292",
    "current hero index": 0
  },
  {
    "gold": 100,
    "current hero": 0,
    "user name": "ehsan",
    "password": "b3fda94bfdca08a13567a7d916474306de2bf5abf02b7349de441e0be85d14a6",
    "cards": [
      "Goldshire Footman",
      "Stonetusk Boar",
      "Lord of the Arena",
      "Mosh\u0027gg Enforcer",
      "Stormwind Champion"
    ],
    "heroes": [
      {
        "hero power": "Can attack any enemy with 2 manas and do a one-hp harm to them.",
        "hp": 30,
        "type": "Mage",
        "special power": "Spells are worth 2 manas less than for other heroes.",
        "stringDeck": [
          "Lord of the Arena"
        ]
      }
    ],
    "delete time": "none",
    "user ID": 3,
    "sign up time": "2020-03-22T13:38:33.726298",
    "current hero index": 0
  }
]