[
  {
    "gold": 650,
    "current hero": 0,
    "user name": " ",
    "password": "36a9e7f1c95b82ffb99743e0c5c4ce95d83c9a430aac59f84ef3cbfab6145068",
    "cards": [
      "Goldshire Footman",
      "Living Monument",
      "Gnomish Army Knife",
      "Poisoned Dagger",
      "Sunreaver Warmage",
      "High Priest Amet",
      "Arcane Missiles",
      "Strength in Numbers",
      "Divine Spirit",
      "Fireball",
      "Regenerate",
      "Holy Fire",
      "Pharaoh\u0027s Blessing",
      "Friendly Smith",
      "Novice Engineer",
      "Twilight Flamecaller",
      "Flamestrike",
      "Sathrovarr",
      "Curio Collector",
      "Depth Charge",
      "Dreadscale",
      "Shadowfiend",
      "Security Rover",
      "Swamp King Dred",
      "Blood Fury",
      "Skull of the Man\u0027ari",
      "Learn Draconic"
    ],
    "heroes": [
      {
        "hero power": "Fireblast",
        "hp": 30,
        "type": "Mage"
      }
    ],
    "delete time": "none",
    "user ID": 0,
    "sign up time": "2020-05-05T12:15:56.127054600",
    "decks": [
      {
        "totalGames": 0,
        "cardsNames": [
          "Goldshire Footman",
          "Sunreaver Warmage",
          "Sunreaver Warmage",
          "Living Monument",
          "Living Monument",
          "Arcane Missiles",
          "Friendly Smith",
          "Friendly Smith",
          "Blood Fury",
          "Blood Fury",
          "Sathrovarr",
          "Sathrovarr",
          "Learn Draconic",
          "Learn Draconic"
        ],
        "name": "Sample Deck",
        "heroName": "Rogue",
        "totalWin": 0
      },
      {
        "totalGames": 1,
        "cardsNames": [
          "Goldshire Footman",
          "Sunreaver Warmage",
          "Sunreaver Warmage",
          "Goldshire Footman",
          "Pharaoh\u0027s Blessing",
          "Pharaoh\u0027s Blessing",
          "Novice Engineer",
          "Novice Engineer",
          "Sathrovarr",
          "Curio Collector",
          "Curio Collector",
          "Depth Charge",
          "Depth Charge",
          "Gnomish Army Knife",
          "Gnomish Army Knife"
        ],
        "name": "Amir",
        "heroName": "Paladin",
        "totalWin": 0
      },
      {
        "totalGames": 0,
        "cardsNames": [
          "High Priest Amet",
          "High Priest Amet",
          "Sunreaver Warmage",
          "Sunreaver Warmage",
          "Goldshire Footman",
          "Goldshire Footman",
          "Living Monument",
          "Living Monument",
          "Shadowfiend",
          "Shadowfiend",
          "Security Rover",
          "Security Rover",
          "Swamp King Dred",
          "Swamp King Dred"
        ],
        "name": "New Deck 1",
        "heroName": "Priest",
        "totalWin": 0
      },
      {
        "totalGames": 0,
        "cardsNames": [
          "Goldshire Footman",
          "Goldshire Footman",
          "Depth Charge",
          "Depth Charge",
          "Dreadscale",
          "Dreadscale",
          "Divine Spirit",
          "Divine Spirit",
          "Flamestrike",
          "Flamestrike",
          "Strength in Numbers",
          "Strength in Numbers",
          "Curio Collector",
          "Curio Collector"
        ],
        "name": "New Deck 2",
        "heroName": "Warlock",
        "totalWin": 0
      }
    ],
    "current hero index": 0
  },
  {
    "gold": 10,
    "current hero": 0,
    "user name": "amirhossein",
    "password": "cb13f11e18b301333c0bc36113035c4fedfc848ccac4ee8d9952337fa3c72d8e",
    "cards": [
      "Goldshire Footman",
      "Stonetusk Boar",
      "Lord of the Arena",
      "Shieldbearer",
      "Depth Charge",
      "Stormwind Champion",
      "Living Monument",
      "Sprint",
      "Polymorph",
      "Seal of Light",
      "Gnomish Army Knife"
    ],
    "heroes": [
      {
        "hero power": "Fireblast",
        "hp": 30,
        "type": "Mage"
      }
    ],
    "delete time": "none",
    "user ID": 2,
    "sign up time": "2020-05-06T13:19:51.452827300",
    "decks": [
      {
        "cardsNames": [
          "Stonetusk Boar",
          "Shieldbearer",
          "Stonetusk Boar",
          "Lord of the Arena",
          "Lord of the Arena",
          "Stormwind Champion",
          "Living Monument",
          "Sprint",
          "Depth Charge"
        ],
        "name": "Mage 1",
        "heroName": "Paladin"
      }
    ],
    "current hero index": 0
  },
  {
    "gold": 10,
    "current hero": 0,
    "user name": "amirh",
    "password": "6fe5c8fba86a59a6215c51c0351069102f6d821a6ca1a6e24bf09c46ca6c8580",
    "cards": [
      "Goldshire Footman",
      "Stonetusk Boar",
      "Lord of the Arena",
      "Shieldbearer",
      "Depth Charge",
      "Stormwind Champion",
      "Living Monument",
      "Sprint",
      "Polymorph",
      "Seal of Light",
      "Gnomish Army Knife"
    ],
    "heroes": [
      {
        "hero power": "Fireblast",
        "hp": 30,
        "type": "Mage"
      }
    ],
    "delete time": "none",
    "user ID": 3,
    "sign up time": "2020-05-06T13:26:22.349656200",
    "decks": [
      {
        "cardsNames": [
          "Stonetusk Boar"
        ],
        "name": "New Deck 1",
        "heroName": "Paladin"
      }
    ],
    "current hero index": 0
  },
  {
    "gold": 40,
    "current hero": 0,
    "user name": "taha",
    "password": "fb9a97d5393e80300028616a4cd8c97e472b0623fd94acf95b37eda4128559f3",
    "cards": [
      "Goldshire Footman",
      "Stonetusk Boar",
      "Lord of the Arena",
      "Shieldbearer",
      "Depth Charge",
      "Stormwind Champion",
      "Living Monument",
      "Sprint",
      "Polymorph",
      "Seal of Light"
    ],
    "heroes": [
      {
        "hero power": "Fireblast",
        "hp": 30,
        "type": "Mage"
      }
    ],
    "delete time": "none",
    "user ID": 4,
    "sign up time": "2020-05-06T13:29:16.195665300",
    "decks": [
      {
        "cardsNames": [
          "Polymorph",
          "Polymorph",
          "Goldshire Footman",
          "Shieldbearer",
          "Shieldbearer"
        ],
        "name": "New Deck 1",
        "heroName": "Mage"
      }
    ],
    "current hero index": 0
  },
  {
    "gold": 30,
    "current hero": 0,
    "user name": "amir",
    "password": "1574ad62d48a37f847699d7d2157105a5a5fd6ed323a3497fa41c7731229bf23",
    "cards": [
      "Goldshire Footman",
      "Stonetusk Boar",
      "Shieldbearer",
      "Depth Charge",
      "Stormwind Champion",
      "Living Monument",
      "Sprint",
      "Polymorph",
      "Novice Engineer",
      "Shadowblade"
    ],
    "heroes": [
      {
        "hero power": "Fireblast",
        "hp": 30,
        "type": "Mage"
      }
    ],
    "delete time": "none",
    "user ID": 4,
    "sign up time": "2020-05-06T17:37:55.501093900",
    "decks": [
      {
        "cardsNames": [
          "Shieldbearer",
          "Stonetusk Boar",
          "Stonetusk Boar",
          "Goldshire Footman",
          "Stormwind Champion",
          "Stormwind Champion",
          "Novice Engineer",
          "Novice Engineer",
          "Depth Charge",
          "Depth Charge",
          "Living Monument",
          "Living Monument"
        ],
        "name": "New Deck 1",
        "heroName": "Mage"
      }
    ],
    "current hero index": 0
  },
  {
    "gold": 30,
    "current hero": 0,
    "user name": "ehsan",
    "password": "b3fda94bfdca08a13567a7d916474306de2bf5abf02b7349de441e0be85d14a6",
    "cards": [
      "Goldshire Footman",
      "Stonetusk Boar",
      "Lord of the Arena",
      "Shieldbearer",
      "Stormwind Champion",
      "Living Monument",
      "Sprint",
      "Polymorph",
      "Novice Engineer",
      "Sunreaver Warmage",
      "Mosh\u0027Ogg Enforcer"
    ],
    "heroes": [
      {
        "hero power": "Fireblast",
        "hp": 30,
        "type": "Mage"
      }
    ],
    "delete time": "none",
    "user ID": 5,
    "sign up time": "2020-05-11T18:08:20.361647400",
    "decks": [
      {
        "cardsNames": [],
        "name": "New Deck 1",
        "heroName": "Rogue"
      },
      {
        "cardsNames": [],
        "name": "New Deck 2",
        "heroName": "Mage"
      },
      {
        "cardsNames": [
          "Stonetusk Boar",
          "Stonetusk Boar",
          "Goldshire Footman",
          "Shieldbearer",
          "Shieldbearer",
          "Living Monument",
          "Living Monument",
          "Lord of the Arena",
          "Lord of the Arena",
          "Sunreaver Warmage",
          "Mosh\u0027Ogg Enforcer",
          "Goldshire Footman",
          "Novice Engineer",
          "Novice Engineer",
          "Sunreaver Warmage"
        ],
        "name": "Amir",
        "heroName": "Paladin"
      }
    ],
    "current hero index": 0
  },
  {
    "gold": 50,
    "current hero": 0,
    "user name": "",
    "password": "e3b0c44298fc1c149afbf4c8996fb92427ae41e4649b934ca495991b7852b855",
    "cards": [
      "Goldshire Footman",
      "Stonetusk Boar",
      "Lord of the Arena",
      "Shieldbearer",
      "Depth Charge",
      "Stormwind Champion",
      "Living Monument",
      "Sprint",
      "Polymorph"
    ],
    "heroes": [
      {
        "hero power": "Fireblast",
        "hp": 30,
        "type": "Mage"
      }
    ],
    "delete time": "none",
    "user ID": 6,
    "sign up time": "2020-05-12T00:52:58.133223",
    "decks": [
      {
        "cardsNames": [],
        "name": "New Deck 1",
        "heroName": "Mage"
      }
    ],
    "current hero index": 0
  },
  {
    "gold": 10,
    "current hero": 0,
    "user name": "new1",
    "password": "6039092f70864b935e614eaf0ff41bcb91357e8e746997f9af55f5b9f7f8f684",
    "cards": [
      "Goldshire Footman",
      "Stonetusk Boar",
      "Lord of the Arena",
      "Shieldbearer",
      "Depth Charge",
      "Stormwind Champion",
      "Living Monument",
      "Sprint",
      "Polymorph",
      "Blood Fury"
    ],
    "heroes": [
      {
        "hero power": "Fireblast",
        "hp": 30,
        "type": "Mage"
      }
    ],
    "delete time": "none",
    "user ID": 7,
    "sign up time": "2020-07-14T16:39:17.597444200",
    "decks": [
      {
        "cardsNames": [
          "Shieldbearer",
          "Shieldbearer",
          "Stonetusk Boar",
          "Stonetusk Boar",
          "Goldshire Footman",
          "Goldshire Footman",
          "Lord of the Arena",
          "Lord of the Arena",
          "Blood Fury",
          "Blood Fury",
          "Living Monument",
          "Living Monument",
          "Sprint"
        ],
        "name": "Amir",
        "heroName": "Mage"
      }
    ],
    "current hero index": 0
  }
]